"","Df","Sum Sq","Mean Sq","F value","Pr(>F)"
"Treatment",2,574.393220266667,287.196610133333,213.327287528937,2.86826539309634e-17
"Residuals",27,36.3493511,1.34627226296296,,
